player,position,school,weight,dash,bench,vertical,broad,shuttle,cone,hand,arm,wing,height
Milton Williams,IDL,Louisiana Tech,286.0,4.63,32.0,35.0,,,,,,,75.0
Jonathan Adams Jr.,WR,Arkansas State,218.0,4.48,,41.5,126.0,4.13,6.9,,,,75.0
Donnie Corley,WR,Texas Southern,195.0,4.39,,35.5,126.0,4.39,6.88,,,,73.0
Scott Meyer,LS,Vanderbilt,237.0,,,,102.0,4.65,7.54,10.0,32.0,78.0,73.125
Cameron Kinley,CB,Navy,197.0,4.52,10.0,33.0,116.0,4.25,7.06,,,,72.625
Jack Heflin,IDL,Iowa,304.0,5.3,25.0,29.0,104.0,4.63,7.61,,,,75.0
Daviyon Nixon,IDL,Iowa,313.0,4.9,,28.5,106.0,4.7,7.68,,,,75.125
Cole Banwart,IOL,Iowa,298.0,5.13,22.0,27.5,105.0,4.72,7.5,,,,75.75
Keith Duncan,K,Iowa,176.0,,,,,,,,,,69.375
Nick Niemann,LB,Iowa,234.0,4.45,19.0,33.5,121.0,4.14,6.67,,,,75.0
Barrington Wade,LB,Iowa,232.0,4.6,19.0,34.5,118.0,4.39,6.94,,,,73.0
Mekhi Sargent,RB,Iowa,208.0,4.62,18.0,33.5,113.0,4.39,7.08,,,,68.375
Shaun Beyer,TE,Iowa,250.0,4.78,22.0,31.5,119.0,4.2,7.0,,,,76.875
Brandon Smith,WR,Iowa,218.0,4.62,21.0,39.5,130.0,,,,,,73.375
Ihmir Smith-Marsette,WR,Iowa,181.0,4.43,10.0,37.0,124.0,4.2,7.0,,,,72.75
Tarron Jackson,EDGE,Coastal Carolina,254.0,4.7,25.0,29.5,118.0,4.36,7.41,,,,74.0
CJ Marable,RB,Coastal Carolina,195.0,4.53,17.0,36.0,116.0,4.34,7.34,,,,66.0
Brian Delaney,K,Virginia,192.0,,,,,,,,,,69.625
Noah Curtis,EDGE,Florida International,256.0,5.11,14.0,28.5,110.0,4.7,7.56,10.0,32.0,78.0,77.25
Cary Angeline,TE,North Carolina State,245.0,4.89,12.0,29.0,109.0,4.59,7.19,10.0,33.0,83.0,78.5
Sammis Reyes,TE,Chile,260.0,4.65,31.0,40.0,125.0,,,,,,77.375
Coby Weiss,K,USF,155.0,,,,,,,,,,68.625
Feleipe Franks,QB,Arkansas,234.0,4.58,,32.5,117.0,4.35,7.22,9.625,34.0,82.0,78.625
Roy Lopez,IDL,Arizona,304.0,5.19,36.0,31.0,105.0,4.51,7.39,9.875,32.0,76.0,73.625
DJ Daniel,CB,Georgia,183.0,4.62,11.0,31.0,119.0,4.12,7.02,9.125,33.0,81.0,71.625
Brady Davis,QB,Illinois State,206.0,4.79,,31.0,114.0,4.46,7.25,10.375,32.0,75.0,74.375
KJ Britt,LB,Auburn,235.0,4.76,24.0,32.5,118.0,4.4,7.38,9.375,31.0,76.0,72.5
Adrian Hardy,WR,Louisiana Tech,205.0,4.61,12.0,37.5,124.0,4.5,6.96,9.375,32.0,77.0,73.0
Calvin Ashley,OT,Florida A&M,314.0,5.49,15.0,29.0,105.0,5.1,7.0,10.5,34.0,83.0,78.125
Zach Davidson,TE,Central Missouri,245.0,4.64,17.0,37.5,117.0,4.26,6.95,9.5,32.0,77.0,78.625
Nate McCrary,RB,Saginaw Valley State,213.0,4.52,19.0,34.0,123.0,4.19,6.94,9.25,30.0,77.0,72.25
Osa Odighizuwa,EDGE,UCLA,282.0,,25.0,31.5,120.0,4.5,7.58,10.375,34.0,83.0,73.625
Adam Prentice,FB,South Carolina,251.0,4.83,21.0,35.5,116.0,4.58,7.22,9.125,32.0,78.0,71.5
Kyle Spalding,OT,San Diego State,299.0,5.4,18.0,25.5,101.0,4.88,7.9,9.625,33.0,80.0,78.5
Khyiris Tonga,IDL,BYU,325.0,5.1,35.0,28.0,105.0,4.73,7.83,9.625,31.0,79.0,74.125
Racey McMath,WR,LSU,211.0,4.39,,34.0,125.0,4.4,7.37,8.875,32.0,79.0,74.5
Javon McKinley,WR,Notre Dame,215.0,4.6,20.0,32.5,,4.4,7.05,9.75,33.0,79.0,73.75
Trae Meadows,CB,Western Kentucky,183.0,4.65,6.0,29.0,118.0,4.39,7.3,8.25,32.0,76.0,72.875
Cornell Powell,WR,Clemson,204.0,4.51,16.0,36.5,128.0,4.23,6.93,10.0,32.75,79.0,72.25
Rhamondre Stevenson,RB,Oklahoma,231.0,4.63,15.0,31.5,112.0,4.47,7.02,9.0,30.25,75.0,71.625
Tre' McKitty,TE,Georgia,247.0,,23.0,,,,,11.0,32.25,81.0,76.125
Kayode Awosika,OT,Buffalo,307.0,5.19,28.0,30.0,100.0,4.91,8.15,9.0,32.625,79.0,75.125
Brenden Jaimes,OT,Nebraska,298.0,,25.0,30.5,112.0,4.5,7.46,10.0,32.625,82.0,77.0
Rashad Byrd,LB,Georgia Southern,229.0,4.85,17.0,34.0,114.0,4.64,7.56,10.0,31.75,79.0,72.125
Zac Dawe,IDL,BYU,275.0,4.96,33.0,29.5,112.0,4.55,7.09,9.0,33.25,79.0,75.0
Quinn Nordin,K,Michigan,193.0,,,,,,,9.0,32.25,76.0,72.75
Baron Browning,LB,Ohio State,245.0,4.56,23.0,40.0,130.0,4.22,6.78,10.0,33.5,79.0,74.75
Brad Stewart Jr.,S,Florida,195.0,4.59,11.0,33.5,126.0,4.4,7.25,9.0,31.5,77.0,72.125
Jack Anderson,IOL,Texas Tech,314.0,5.27,27.0,29.5,105.0,4.83,7.88,10.0,31.875,78.0,76.625
Justin Hughes,LB,Kansas State,227.0,5.02,24.0,28.5,104.0,4.84,7.37,9.125,32.125,78.0,72.125
JR Pace,S,Northwestern,205.0,4.72,12.0,35.5,120.0,4.24,6.94,9.25,30.875,74.0,73.0
Ramaud Chiaokhiao-Bowman,WR,Northwestern,204.0,4.78,11.0,34.5,119.0,4.2,6.78,9.25,32.125,79.0,73.375
Quinn Meinerz,IOL,Wisconsin Whitewater,320.0,4.96,,32.0,111.0,4.58,7.54,10.125,33.375,82.0,74.875
Jackson Carman,OT,Clemson,317.0,,,,,,,9.625,32.5,87.0,76.875
EJ Muhammad,CB,Nevada,184.0,4.72,,31.0,116.0,4.4,7.35,9.25,32.5,76.0,70.375
Tarik Black,WR,Texas,213.0,4.53,15.0,40.0,132.0,4.26,6.91,9.75,33.75,79.0,74.75
Eric Stokes,CB,Georgia,194.0,4.3,14.0,38.5,128.0,4.36,6.96,9.125,32.75,78.0,72.625
Malik Herring,IDL,Georgia,283.0,,,,,,,10.5,32.5,82.0,75.25
Monty Rice,LB,Georgia,238.0,4.58,,32.0,121.0,4.33,7.34,8.625,30.375,75.0,72.25
Kendrick Green,IOL,Illinois,305.0,4.89,25.0,35.5,119.0,4.67,7.79,10.125,32.25,77.0,73.875
Rashad Weaver,EDGE,Pitt,259.0,4.88,20.0,32.0,114.0,4.26,6.97,9.75,33.5,82.0,76.375
Malcolm Koonce,EDGE,Buffalo,249.0,,,,,,,9.625,33.375,81.0,74.25
Camryn Bynum,CB,Cal,196.0,4.58,,34.0,129.0,4.1,6.99,9.625,30.75,76.0,72.25
Robert Rochell,CB,Central Arkansas,193.0,4.41,9.0,43.0,133.0,4.08,6.84,8.75,32.375,79.0,71.75
Adam Williams,P,Memphis,226.0,,,,,,,9.5,32.375,78.0,76.875
Damonte Coxie,WR,Memphis,198.0,4.77,4.0,30.5,122.0,4.45,6.92,8.75,33.25,81.0,74.125
Riley Cole,LB,South Alabama,240.0,4.72,26.0,32.5,120.0,4.35,7.46,9.5,30.125,75.0,74.75
Kawaan Baker,WR,South Alabama,210.0,4.44,21.0,39.5,129.0,4.41,7.42,10.5,32.5,77.0,72.5
George Silvanic,IDL,Air Force,286.0,5.21,,29.5,105.0,4.6,7.5,9.75,32.75,81.0,77.375
Joseph Carlson,P,Air Force,175.0,,,,,,,9.25,29.625,73.0,72.875
Alani Pututau,EDGE,Adams State,243.0,4.77,22.0,35.5,121.0,4.47,7.25,10.875,33.25,80.0,73.125
Larry Borom,IOL,Missouri,322.0,5.15,21.0,31.0,103.0,4.99,8.04,10.375,33.125,80.0,76.875
Joshuah Bledsoe,S,Missouri,204.0,,,,,,,9.625,30.75,74.0,71.375
JaQuan Hardy,RB,Tiffin,211.0,4.56,21.0,33.0,119.0,4.14,6.98,8.75,29.875,71.0,68.25
Najee Harris,RB,Alabama,230.0,,,,,,,10.25,33.375,81.0,73.0
Marquiss Spencer,IDL,Mississippi State,301.0,4.87,12.0,31.5,111.0,4.51,7.28,9.5,33.125,80.0,75.625
Marcus Murphy,S,Mississippi State,198.0,4.54,11.0,38.5,121.0,4.3,7.14,8.75,31.625,78.0,71.25
Alijah Vera-Tucker,IOL,USC,308.0,5.13,32.0,32.0,106.0,4.63,7.7,9.625,32.125,,76.5
Tyler Vaughns,WR,USC,184.0,4.69,7.0,31.5,120.0,4.4,7.15,9.5,32.875,79.0,74.0
Tony Poljan,TE,Virginia,251.0,4.89,23.0,33.5,113.0,4.5,7.34,9.375,33.5,79.0,78.75
Luke Logan,K,Mississippi,179.0,,,,,,,8.25,29.125,69.0,70.5
Jayson Oweh,EDGE,Penn State,257.0,4.36,21.0,39.5,134.0,4.21,6.9,9.25,34.5,82.0,76.875
Brandon Kennedy,IOL,Tennessee,286.0,5.32,22.0,25.0,100.0,4.92,8.36,9.25,31.875,78.0,74.0
Max Richardson,LB,Boston College,223.0,4.82,24.0,34.0,121.0,4.24,7.2,9.625,30.75,74.0,71.75
Hunter Long,TE,Boston College,254.0,4.71,,32.5,122.0,4.42,7.41,9.75,33.75,82.0,77.0
Brady Christensen,OT,BYU,302.0,4.89,30.0,34.0,124.0,4.52,7.33,10.25,32.25,80.0,77.25
Chandon Herring,OT,BYU,307.0,5.05,26.0,29.0,113.0,4.69,7.65,9.25,33.75,81.0,78.75
Zayne Anderson,S,BYU,206.0,4.44,11.0,34.0,120.0,4.2,6.78,9.75,31.25,76.0,73.875
Chris Evans,RB,Michigan,211.0,4.48,20.0,40.5,127.0,4.12,6.83,9.75,32.5,76.0,71.0
Nick Eubanks,TE,Michigan,245.0,4.69,19.0,34.0,120.0,4.53,7.32,9.75,33.25,79.0,76.5
Cade Johnson,WR,South Dakota State,184.0,4.49,11.0,35.0,114.0,,,9.5,29.25,71.0,70.625
Chris Rumph II,EDGE,Duke,235.0,,18.0,,,,,9.25,33.75,80.0,74.75
Quincy Roche,EDGE,Miami,245.0,4.69,23.0,32.5,119.0,4.5,7.2,9.25,32.25,79.0,74.625
Dyami Brown,WR,North Carolina,189.0,4.46,18.0,35.5,128.0,4.35,6.87,9.625,32.75,77.0,72.625
Trey Ragas,RB,UL Lafayette,218.0,4.63,23.0,33.5,117.0,4.5,7.15,8.875,29.75,73.0,70.125
Javian Hawkins,RB,Louisville,183.0,4.48,,36.0,116.0,4.23,6.98,7.875,29.25,72.0,68.125
Ean Pfeifer,TE,Louisville,250.0,4.92,21.0,29.5,99.0,4.42,7.46,9.25,32.875,80.0,75.5
Alim McNeill,IDL,North Carolina State,317.0,5.0,27.0,30.5,108.0,4.65,7.68,9.375,32.625,79.0,73.875
Shaun Wade,CB,Ohio State,196.0,,,,,,,9.25,33.5,78.0,72.625
Drue Chrisman,P,Ohio State,209.0,,,,,,,9.5,33.125,78.0,74.75
Trey Sermon,RB,Ohio State,215.0,4.61,,37.0,125.0,4.3,6.84,9.375,33.375,79.0,72.375
CJ Saunders,WR,Ohio State,179.0,4.7,8.0,34.5,113.0,4.15,7.1,9.625,31.25,73.0,69.75
Brett DioGuardi,LS,Florida,234.0,5.48,,24.5,98.0,4.95,7.88,9.125,31.25,78.0,75.0
Trevon Grimes,WR,Florida,220.0,4.5,15.0,35.0,118.0,4.26,7.0,9.625,31.375,77.0,76.0
Brandin Echols,CB,Kentucky,179.0,4.36,13.0,42.5,136.0,4.12,6.84,9.125,30.25,73.0,70.125
Adetokunbo Ogundeji,EDGE,Notre Dame,260.0,4.8,22.0,32.0,120.0,4.65,7.19,9.625,35.25,84.0,76.5
Tommy Kraemer,IOL,Notre Dame,309.0,,,,,,,10.625,33.5,81.0,77.5
Shaun Crawford,S,Notre Dame,182.0,4.55,12.0,35.0,116.0,4.13,6.7,8.875,30.25,72.0,69.125
Shemar Jean-Charles,CB,Appalachian State,184.0,4.52,19.0,35.0,124.0,4.33,7.15,8.75,30.875,76.0,70.375
Ryan Neuzil,IOL,Appalachian State,301.0,5.07,30.0,29.0,102.0,4.55,7.38,9.5,31.5,75.0,74.5
Tre Harbison,RB,Charlotte,218.0,4.62,16.0,33.5,117.0,4.5,7.18,9.625,32.375,75.0,70.75
Rodarius Williams,CB,Oklahoma State,189.0,4.53,14.0,36.5,123.0,4.15,6.98,9.125,31.5,75.0,71.75
Teven Jenkins,OT,Oklahoma State,317.0,5.03,36.0,32.5,106.0,4.68,7.72,9.5,33.5,81.0,77.875
Tylan Wallace,WR,Oklahoma State,194.0,4.52,11.0,33.0,112.0,4.25,6.97,9.375,30.375,72.0,71.375
Devon Wharton,EDGE,Western Kentucky,215.0,5.1,4.0,30.5,115.0,4.7,8.12,9.375,33.875,81.0,74.625
Austin Faoliu,IDL,Oregon,287.0,,,,,,,9.75,32.75,80.0,75.125
Zach Smith,QB,Tulsa,222.0,5.23,,29.5,111.0,4.52,7.26,9.375,32.375,78.0,75.375
Zech McPhearson,CB,Texas Tech,191.0,4.5,14.0,40.5,130.0,4.03,6.84,8.75,30.75,76.0,70.875
Donnie Corley,WR,Texas Southern,195.0,4.59,13.0,34.0,123.0,4.29,6.83,9.25,32.375,77.0,73.75
Wyatt Hubert,EDGE,Kansas State,265.0,4.93,,33.0,110.0,4.27,7.03,10.0,31.0,76.25,74.875
Josh Ball,OT,Marshall,308.0,5.19,28.0,27.5,106.0,4.67,7.75,10.0,35.0,81.625,79.375
Adrian Ealy,OT,Oklahoma,321.0,5.38,18.0,24.5,104.0,4.93,8.8,10.0,33.0,80.875,78.25
Tyson Campbell,CB,Georgia,193.0,4.38,12.0,34.5,124.0,4.45,7.15,9.0,32.0,75.5,73.0
Jamien Sherwood,S,Auburn,216.0,4.76,15.0,36.0,123.0,4.36,7.15,10.0,34.0,81.875,73.75
Tyler Coyle,S,Purdue,209.0,4.36,24.0,39.0,133.0,4.0,7.14,9.0,33.0,77.875,72.5
Anthony Butler,LB,Liberty,222.0,4.88,18.0,29.5,110.0,4.38,7.46,9.0,32.0,76.875,72.875
Chris Naggar,K,SMU,193.0,,,,,,,9.0,30.0,73.875,71.25
Kwity Paye,EDGE,Michigan,261.0,4.57,36.0,35.5,118.0,,,10.0,33.0,78.5,74.5
Divine Deablo,S,Virginia Tech,226.0,4.42,19.0,34.0,126.0,4.45,7.01,9.0,33.0,77.875,75.25
Bryan Mills,CB,North Carolina Central,174.0,4.6,2.0,37.0,124.0,4.31,7.2,9.0,32.0,77.125,73.125
Patrick Johnson,EDGE,Tulane,240.0,4.65,16.0,35.0,119.0,4.45,6.97,10.0,32.0,77.75,74.0
Chuba Hubbard,RB,Oklahoma State,210.0,4.5,20.0,36.0,120.0,4.3,7.28,9.0,32.0,75.75,72.0
Jordan Meredith,IOL,Western Kentucky,302.0,5.11,25.0,32.0,109.0,4.62,7.41,10.0,31.0,73.25,74.75
Elijah Sullivan,LB,Kansas State,214.0,4.69,13.0,,115.0,4.31,7.12,8.125,32.0,76.75,72.0
Briley Moore,TE,Kansas State,240.0,4.64,26.0,37.5,123.0,4.37,7.24,9.875,31.0,75.5,76.25
Paddy Fisher,LB,Northwestern,240.0,4.91,20.0,31.5,110.0,4.47,7.0,9.625,33.0,79.625,75.375
Blake Gallagher,LB,Northwestern,228.0,4.83,27.0,31.5,107.0,4.4,7.23,9.125,31.0,74.875,71.75
Rashawn Slater,OT,Northwestern,304.0,4.88,33.0,33.0,112.0,4.45,7.48,10.5,33.0,80.125,76.25
Ta'Quon Graham,IDL,Texas,292.0,4.93,32.0,32.5,113.0,4.68,7.31,10.625,35.0,82.125,75.125
Samuel Cosmi,OT,Texas,314.0,4.84,36.0,30.0,117.0,4.39,7.35,10.25,33.0,80.25,77.875
Forrest Merrill,IDL,Arkansas State,322.0,5.27,36.0,26.5,101.0,4.81,8.24,9.25,32.0,78.75,72.0
Seth Cottengim,LS,Arkansas State,230.0,,,28.5,,,,8.875,30.0,73.75,71.375
Sandon McCoy,FB,Army,215.0,4.78,18.0,32.0,114.0,4.56,7.47,9.125,32.0,75.75,70.25
David Moore,QB,Central Michigan,200.0,4.86,,29.5,114.0,4.75,7.62,9.375,33.0,76.25,72.625
Josh Blancato,WR,Georgia Tech,182.0,4.49,17.0,32.0,124.0,4.28,6.9,8.5,30.0,70.375,69.0
Kimere Brown,CB,Temple,175.0,4.56,,32.5,124.0,4.32,7.37,9.125,32.0,77.25,71.0
Daniel Archibong,IDL,Temple,295.0,5.33,28.0,28.5,100.0,4.68,8.16,10.75,32.0,79.5,77.25
Gary Brightwell,RB,Arizona,218.0,4.62,17.0,34.5,118.0,4.48,7.51,9.375,31.0,74.25,70.75
Ben Cleveland,IOL,Georgia,354.0,5.05,30.0,28.0,102.0,4.88,,9.75,33.0,79.125,78.375
Bailey Gaither,WR,San Jose State,188.0,4.45,9.0,31.0,121.0,4.39,7.07,9.25,31.0,72.375,72.0
Rico Bussey Jr.,WR,Hawaii,186.0,4.5,13.0,38.5,124.0,4.26,7.21,10.125,33.0,78.75,72.375
Tyree Thompson,LB,Buffalo,229.0,5.0,18.0,31.0,109.0,4.96,7.87,9.375,31.0,76.375,73.0
Antonio Nunn,WR,Buffalo,204.0,4.5,15.0,33.5,120.0,4.32,7.12,8.875,31.0,74.125,71.0
Jake Curhan,OT,Cal,316.0,5.45,15.0,24.0,102.0,4.84,8.07,10.25,33.0,83.5,77.875
Donavaughn Campbell,IOL,Louisiana Tech,336.0,5.62,,22.0,93.0,5.15,8.34,9.375,33.0,79.25,76.125
TJ Simmons,WR,West Virginia,208.0,4.59,13.0,32.0,120.0,4.55,7.22,9.375,32.0,75.5,73.375
O'Bryan Goodson,IDL,Memphis,276.0,,26.0,,,,,9.125,31.0,72.5,70.25
Mike Boykin,IDL,North Alabama,291.0,4.88,,32.0,110.0,4.58,,10.25,,80.75,77.375
Pro Wells,TE,TCU,249.0,4.84,17.0,28.5,114.0,4.59,7.16,9.375,33.0,78.625,75.375
Bryson Denley,RB,Bowling Green,189.0,4.56,13.0,27.5,110.0,4.57,7.25,8.875,31.0,74.25,67.875
Miller Forristall,TE,Alabama,241.0,4.8,20.0,35.0,118.0,4.48,7.03,10.25,33.0,79.875,76.75
JaQuan Bailey,EDGE,Iowa State,246.0,4.72,19.0,26.5,110.0,4.8,7.53,8.5,32.0,78.375,73.875
Landen Akers,WR,Iowa State,189.0,4.47,14.0,39.0,127.0,4.4,7.17,9.125,32.0,76.625,71.625
Dicaprio Bootle,CB,Nebraska,180.0,4.45,16.0,36.5,126.0,4.17,6.72,8.5,30.0,74.25,69.5
Dedrick Mills,RB,Nebraska,217.0,4.7,13.0,32.0,117.0,4.33,7.12,9.125,32.0,76.25,69.75
Lorenzo Neal,IDL,Purdue,318.0,5.59,27.0,25.5,101.0,4.88,8.03,10.125,32.0,78.25,74.375
Shakur Brown,CB,Michigan State,185.0,4.61,17.0,35.5,116.0,4.23,7.08,8.625,30.0,71.125,69.75
Naquan Jones,IDL,Michigan State,313.0,5.44,20.0,25.0,100.0,4.8,,9.875,33.0,80.125,75.375
Greg Eiland,OT,Mississippi State,321.0,5.77,8.0,26.5,97.0,,,10.875,37.0,88.125,79.875
Jaycee Horn,CB,South Carolina,205.0,4.39,19.0,41.5,133.0,,,9.125,33.0,77.25,72.75
Israel Mukuamu,CB,South Carolina,212.0,,13.0,36.5,119.0,,,9.375,34.0,80.75,76.125
Marlon Tuipulotu,IDL,USC,307.0,,29.0,30.5,103.0,4.69,7.69,10.375,33.0,80.625,73.875
Talanoa Hufanga,S,USC,199.0,4.64,12.0,35.5,128.0,4.39,6.96,9.875,32.0,77.25,72.375
Charles Snowden,LB,Virginia,243.0,,21.0,,,,,9.5,34.0,82.25,78.375
Zane Zandier,LB,Virginia,228.0,4.76,18.0,37.0,119.0,4.28,7.14,9.125,31.0,75.5,74.75
Shane Simpson,RB,Virginia,198.0,4.62,22.0,37.0,118.0,4.32,7.12,9.625,30.0,71.125,68.0
Shaka Toney,EDGE,Penn State,242.0,4.55,24.0,39.0,128.0,4.25,7.0,9.25,33.0,80.625,74.5
Brandon Stephens,CB,SMU,213.0,4.44,19.0,38.0,127.0,4.29,6.99,9.75,32.0,76.75,72.125
Tristen Hoge,IOL,BYU,306.0,5.22,29.0,26.0,105.0,4.85,7.9,10.75,33.0,80.375,76.75
Camaron Cheeseman,LS,Michigan,239.0,5.09,17.0,33.0,110.0,4.58,7.57,9.375,32.0,74.875,76.25
Jarrod Hewitt,IDL,Virginia Tech,290.0,5.02,,26.0,104.0,4.76,7.98,9.375,31.0,73.375,73.375
Rayshard Ashby,LB,Virginia Tech,232.0,4.93,24.0,31.5,114.0,4.32,7.17,8.375,31.0,71.875,70.25
Devery Hamilton,OT,Duke,311.0,5.27,21.0,33.5,112.0,4.89,7.81,10.125,33.0,81.75,78.625
Jose Borregales,K,Miami,206.0,,,,,,,9.5,29.0,73.375,70.0
Elijah Mitchell,RB,UL Lafayette,201.0,4.35,17.0,37.5,128.0,4.2,6.94,9.75,31.0,75.75,70.25
Leighton McCarthy,LB,Florida Atlantic,226.0,4.88,24.0,41.0,127.0,4.71,7.09,9.75,33.0,78.875,74.0
Isaiah Hayes,S,Louisville,194.0,4.71,17.0,35.0,121.0,4.37,7.25,8.625,32.0,76.5,70.625
Mac McCain III,CB,North Carolina A&T,186.0,4.48,13.0,35.5,123.0,4.2,7.09,9.25,31.0,75.375,71.0
Josh Myers,IOL,Ohio State,310.0,,29.0,,,,,10.375,32.0,77.375,77.25
Luke Farrell,TE,Ohio State,251.0,4.82,22.0,36.5,118.0,4.33,7.14,9.25,33.0,78.875,77.5
Corey Dauphine,RB,Tulane,198.0,4.71,14.0,30.0,117.0,4.53,7.4,8.375,31.0,74.75,71.125
Joe Tryon,EDGE,Washington,259.0,4.69,22.0,35.0,116.0,4.36,7.18,10.375,34.0,82.75,77.0
Levi Onwuzurike,IDL,Washington,290.0,4.89,29.0,30.0,109.0,,,10.125,33.0,79.25,74.875
Kevin Thomson,QB,Washington,198.0,4.75,21.0,35.5,126.0,4.23,6.98,9.75,32.0,76.25,72.5
Elijah Ponder,IDL,Cincinnati,258.0,5.07,27.0,30.0,101.0,4.53,7.46,9.375,31.0,75.125,73.625
James Hudson III,OT,Cincinnati,313.0,5.34,22.0,28.5,98.0,4.81,8.05,10.625,33.0,80.875,76.75
Gerrid Doaks,RB,Cincinnati,228.0,4.58,19.0,39.5,120.0,4.28,7.21,9.75,31.0,77.75,71.375
Darrick Forrest,S,Cincinnati,206.0,4.43,21.0,39.0,132.0,4.22,6.91,9.75,32.0,76.25,71.5
James Wiggins,S,Cincinnati,209.0,4.42,22.0,38.0,127.0,,,9.75,29.0,74.375,71.25
Evan McPherson,K,Florida,185.0,,,,,,,9.125,29.0,71.125,71.0
Kyle Trask,QB,Florida,236.0,5.08,,31.5,113.0,4.38,7.08,10.125,33.0,80.625,77.25
Quinton Bohanna,IDL,Kentucky,327.0,5.48,,29.0,99.0,5.15,8.21,10.875,34.0,80.875,76.0
Jamin Davis,LB,Kentucky,234.0,4.48,21.0,42.0,132.0,,,9.5,33.0,79.875,75.5
Jeremiah Owusu-Koramoah,LB,Notre Dame,221.0,,,36.5,124.0,4.15,,8.875,33.0,78.125,73.5
Rashod Bateman,WR,Minnesota,190.0,4.43,,36.0,123.0,4.35,6.95,9.5,33.0,76.5,72.375
Marlon Williams,WR,UCF,209.0,4.66,14.0,33.5,119.0,4.57,,8.875,31.0,73.5,71.25
Thomas Graham Jr.,CB,Oregon,192.0,4.49,13.0,34.5,121.0,4.21,7.08,8.875,31.0,74.625,70.375
Trevor Lawrence,QB,Clemson,213.0,,,,,,,10.0,31.5,78.25,77.625
Peyton Ramsey,QB,Northwestern,215.0,4.69,,28.0,108.0,4.41,7.28,9.0,31.75,74.5,73.875
Isaiahh Loudermilk,IDL,Wisconsin,274.0,4.95,21.0,28.5,112.0,4.4,7.52,10.0,32.625,81.25,78.375
Adam Krumholz,WR,Wisconsin,193.0,4.53,11.0,35.5,118.0,4.08,6.9,9.0,32.75,77.25,72.625
Brenden Knox,RB,Marshall,215.0,4.63,23.0,35.0,112.0,4.39,7.19,10.0,31.25,74.375,70.75
Jake Funk,RB,Maryland,205.0,4.43,22.0,38.0,122.0,4.12,6.71,9.0,30.25,72.5,70.25
Brennan Eagles,WR,Texas,225.0,4.55,,36.0,125.0,4.42,6.93,10.0,33.5,79.75,75.625
Ronnie Perkins,EDGE,Oklahoma,253.0,4.71,25.0,32.0,115.0,4.69,,9.0,32.875,79.375,74.5
Jaytlin Askew,CB,Georgia Tech,180.0,4.5,18.0,35.5,125.0,4.27,7.1,8.0,28.75,70.125,68.875
Trajan Stephens-McQueen,LB,Georgia State,224.0,5.11,14.0,28.5,108.0,4.77,7.59,10.0,32.75,77.375,71.875
Richard LeCounte III,S,Georgia,196.0,4.79,,32.5,128.0,4.49,7.44,9.0,31.625,77.5,70.5
Patrick Jones II,EDGE,Pitt,261.0,4.8,22.0,31.5,107.0,,,10.0,32.875,79.125,76.25
Jaylen Twyman,IDL,Pitt,301.0,5.39,40.0,32.5,104.0,,8.0,10.0,32.125,78.5,73.75
Jimmy Morrissey,IOL,Pitt,303.0,5.3,26.0,31.0,105.0,4.46,7.39,10.0,32.125,78.625,75.25
Zeandae Johnson,IDL,Cal,270.0,4.89,22.0,27.5,108.0,,,10.0,33.125,80.25,75.125
Paulson Adebo,CB,Stanford,198.0,4.45,18.0,36.5,121.0,4.13,6.69,10.0,31.5,76.875,73.0
Curtis Robinson,LB,Stanford,236.0,4.6,22.0,37.5,117.0,4.26,7.0,10.0,31.625,77.5,75.125
Mike Strachan,WR,Charleston,226.0,4.54,20.0,35.0,127.0,4.36,6.96,10.0,34.25,82.25,77.375
Tony Fields II,LB,West Virginia,222.0,4.64,17.0,34.0,114.0,4.48,7.15,9.0,31.25,76.5,72.25
Brett Kitrell,IOL,Ohio,290.0,5.32,29.0,28.0,104.0,4.82,7.85,10.0,31.875,77.5,75.5
Jacob Shoemaker,IOL,South Alabama,319.0,5.49,20.0,24.0,93.0,5.02,8.2,10.0,31.875,78.125,75.125
Trill Williams,CB,Syracuse,208.0,4.59,20.0,36.0,123.0,4.27,7.17,9.0,31.125,74.625,72.375
Will Sherman,OT,Colorado,304.0,5.19,23.0,26.0,108.0,4.82,7.71,10.0,33.5,81.625,75.25
Patrick Surtain II,CB,Alabama,208.0,4.42,18.0,39.0,131.0,,,10.0,32.5,78.5,74.0
Christian Barmore,IDL,Alabama,310.0,4.98,,,,4.75,7.81,10.0,34.625,81.375,76.125
Jack Stoll,TE,Nebraska,247.0,4.68,16.0,31.5,119.0,4.29,6.93,10.0,33.125,81.5,75.75
Simeon Smiley,S,Purdue,209.0,4.69,19.0,31.5,115.0,4.31,7.15,10.0,32.375,75.875,72.0
Dareuan Parker,IOL,Mississippi State,331.0,5.29,21.0,28.5,89.0,4.67,8.27,10.0,34.5,82.5,76.875
Sadarius Hutcherson,IOL,South Carolina,321.0,5.01,35.0,31.5,106.0,,,9.0,32.375,79.75,75.375
D'Angelo Amos,S,Virginia,191.0,4.58,11.0,34.5,119.0,4.33,6.98,9.0,32.25,75.25,71.75
Royce Newman,IOL,Mississippi,310.0,5.14,23.0,28.0,104.0,4.75,7.91,9.0,33.75,78.125,77.25
Michal Menet,IOL,Penn State,301.0,,26.0,,,,,10.0,31.5,76.75,76.125
Micah Parsons,LB,Penn State,246.0,4.39,19.0,34.0,126.0,4.4,6.96,11.0,31.5,78.875,75.125
Lamont Wade,S,Penn State,190.0,4.47,16.0,35.5,118.0,4.34,7.14,8.0,29.875,73.5,69.0
Tanner Kuljian,P,San Diego State,178.0,,,,,,,9.0,27.875,68.75,69.75
Richard McBryde,LB,SMU,226.0,4.93,16.0,27.5,114.0,4.65,7.43,9.0,30.625,75.625,72.625
Sam Cooper,IOL,Merrimack,305.0,5.2,35.0,29.5,100.0,4.88,7.69,10.0,32.875,77.75,73.5
D'Antne Demery,OT,Florida International,302.0,5.37,12.0,22.5,98.0,4.97,8.07,10.0,33.625,81.5,77.875
Cade Coffey,P,Idaho,204.0,,,,,,,9.0,31.75,73.625,72.125
Gregory Rousseau,EDGE,Miami,266.0,4.68,21.0,30.0,115.0,4.53,7.5,11.0,34.75,83.25,78.625
Dazz Newsome,WR,North Carolina,190.0,4.59,12.0,34.0,121.0,4.38,7.38,9.0,29.875,72.75,70.125
Joe Dillon,LB,UL Lafayette,220.0,5.0,11.0,28.5,111.0,,,9.0,32.625,81.125,73.875
Jake Verity,K,East Carolina,197.0,,,,,,,9.0,30.625,74.75,73.875
D'Ante Smith,OT,East Carolina,305.0,5.33,24.0,29.0,113.0,4.75,7.9,10.0,35.25,85.25,77.375
Blake Proehl,WR,East Carolina,186.0,4.47,12.0,36.0,126.0,4.2,7.0,9.0,31.5,77.125,73.875
Tuf Borland,LB,Ohio State,229.0,5.0,15.0,32.5,109.0,4.3,7.18,10.0,31.375,75.5,72.25
Justin Hilliard,LB,Ohio State,229.0,4.81,27.0,34.5,116.0,4.39,7.21,9.0,31.375,76.125,72.5
Pete Werner,LB,Ohio State,238.0,4.62,20.0,39.5,122.0,4.38,6.9,9.0,33.25,79.25,74.875
Jared Hocker,IOL,Texas A&M,327.0,5.37,,30.0,103.0,4.76,7.58,11.0,33.125,81.125,78.0
Jake Burton,OT,Baylor,303.0,5.49,22.0,26.0,100.0,4.97,8.22,10.0,32.125,77.25,77.5
Avery Williams,CB,Boise State,187.0,4.43,19.0,33.5,121.0,4.0,6.88,9.0,28.75,70.125,68.375
Bruno Labelle,TE,Cincinnati,247.0,4.73,19.0,36.0,123.0,4.43,7.36,9.0,32.25,77.875,76.125
Marlon Dunlap Jr.,IDL,Florida,286.0,5.18,19.0,25.5,102.0,4.7,7.62,10.0,32.875,79.875,74.875
Stone Forsythe,OT,Florida,307.0,5.13,25.0,27.5,103.0,4.63,7.47,10.0,34.375,83.25,80.0
Nick Oelrich,S,Florida,203.0,4.68,13.0,33.5,117.0,4.4,7.28,10.0,30.125,73.625,72.875
Jabril Cox,LB,LSU,232.0,,,,,,,9.0,32.75,79.5,75.25
Brock Wright,TE,Notre Dame,257.0,4.66,26.0,31.5,118.0,4.25,7.31,10.0,32.375,77.125,76.5
Sage Surratt,WR,Wake Forest,209.0,4.69,18.0,,,4.25,,9.0,32.25,78.5,74.5
Dillon Stoner,WR,Oklahoma State,194.0,4.57,16.0,37.0,123.0,4.18,6.96,9.0,30.875,73.5,72.125
Hamilcar Rashed Jr.,EDGE,Oregon State,251.0,4.62,25.0,35.5,128.0,4.5,7.51,10.0,33.5,82.25,74.375
Eddie Brown,TE,Prairie View A&M,246.0,4.97,13.0,36.5,110.0,4.6,7.67,9.0,32.125,76.875,73.75
Otis Anderson,RB,UCF,179.0,4.65,11.0,36.0,113.0,4.42,7.04,9.0,31.125,71.5,67.5
Pooka Williams Jr.,RB,Kansas,175.0,4.38,4.0,31.5,118.0,4.26,7.02,9.75,30.75,72.625,68.5
Logan Klusman,LS,Kansas,233.0,5.13,,31.5,110.0,4.65,7.65,9.25,30.25,75.25,72.25
AJ Parker,CB,Kansas State,183.0,4.54,10.0,33.5,117.0,4.37,7.02,7.375,30.625,73.5,72.0
Kiondre Thomas,CB,Kansas State,185.0,4.43,10.0,37.5,122.0,4.35,6.94,8.125,31.625,74.125,72.0
Drew Wiley,IDL,Kansas State,294.0,5.24,24.0,34.0,112.0,4.45,7.34,9.75,30.75,76.375,76.0
Blake Lynch,K,Kansas State,144.0,,,,,,,8.125,26.125,63.375,64.25
Wes Burris,LS,Kansas State,202.0,5.08,12.0,30.0,102.0,4.74,7.51,8.375,29.5,72.5,69.0
Harry Trotter,RB,Kansas State,207.0,,22.0,32.5,113.0,,,8.5,29.5,68.875,68.875
Greg Newsome II,CB,Northwestern,192.0,4.37,18.0,40.0,123.0,4.28,6.94,8.875,31.125,73.75,72.0
Earnest Brown IV,EDGE,Northwestern,270.0,4.95,25.0,31.0,115.0,4.5,7.25,9.75,34.5,82.25,76.5
Gunnar Vogel,OT,Northwestern,306.0,5.47,23.0,26.0,105.0,4.92,7.67,10.125,34.25,81.5,78.25
John Raine,TE,Northwestern,231.0,5.05,15.0,31.0,107.0,4.54,7.32,9.25,31.375,74.75,73.0
Riley Lees,WR,Northwestern,192.0,4.47,7.0,35.0,119.0,4.16,6.78,9.125,30.75,71.75,71.625
Jerry Jacobs,CB,Arkansas,208.0,4.49,20.0,34.5,120.0,4.4,7.0,9.375,30.75,75.25,70.0
Jonathan Marshall,IDL,Arkansas,310.0,4.82,36.0,32.0,114.0,,,9.5,32.25,76.75,75.0
Xavier Kelly,IDL,Arkansas,306.0,,27.0,27.0,99.0,,,10.125,33.375,80.125,76.5
Rakeem Boyd,RB,Arkansas,213.0,4.64,6.0,32.5,98.0,4.5,7.27,8.625,32.5,76.5,71.0
Rachad Wildgoose II,CB,Wisconsin,197.0,4.41,11.0,36.0,120.0,4.18,7.0,9.375,31.125,75.5,71.25
Mason Stokke,FB,Wisconsin,242.0,4.82,22.0,30.5,111.0,4.34,7.2,9.5,31.625,75.125,74.125
Jon Dietzen,IOL,Wisconsin,312.0,,19.0,27.0,106.0,4.58,7.48,9.375,33.75,79.5,76.625
Adam Bay,LS,Wisconsin,240.0,5.19,14.0,26.0,100.0,4.56,7.65,9.375,31.5,76.5,71.5
Cole Van Lanen,OT,Wisconsin,305.0,5.01,22.0,30.0,107.0,4.64,7.34,9.75,33.375,78.5,76.25
Garrett Groshek,RB,Wisconsin,217.0,4.59,17.0,33.5,115.0,4.22,6.96,9.5,30.375,72.125,71.5
Eric Burrell,S,Wisconsin,197.0,4.64,8.0,35.5,124.0,4.16,7.21,9.125,29.625,72.5,71.0
Tavante Beckett,LB,Marshall,220.0,4.73,18.0,31.0,106.0,4.59,7.36,10.5,33.75,75.125,71.0
Darius Hodge,LB,Marshall,248.0,4.67,26.0,38.5,127.0,4.63,7.18,9.875,34.375,79.625,72.75
Jaylon McClain-Sapp,S,Marshall,183.0,4.45,14.0,41.0,128.0,4.45,7.21,8.875,31.625,75.375,69.875
Shaq Smith,LB,Maryland,237.0,4.79,22.0,30.0,110.0,4.3,7.34,9.5,33.125,79.5,74.625
Daniel Crawford,TE,Northern Illinois,245.0,4.7,14.0,32.5,113.0,4.45,7.19,10.5,32.625,77.625,73.75
Travis Etienne,RB,Clemson,215.0,4.41,18.0,33.5,128.0,,,9.375,31.125,73.125,70.125
JC Chalk,TE/FB,Clemson,250.0,4.64,15.0,28.5,106.0,4.74,7.8,9.625,32.5,76.875,74.75
Amari Rodgers,WR,Clemson,212.0,4.51,19.0,33.0,121.0,4.36,7.12,9.5,30.375,74.875,69.5
Teton Saltes,OT,New Mexico,300.0,5.04,22.0,30.5,105.0,4.64,7.76,9.5,32.875,76.75,76.625
Tyson Dyer,P,New Mexico,213.0,,,,,,,9.25,30.75,75.75,73.375
Joseph Ossai,EDGE,Texas,256.0,4.65,19.0,41.5,131.0,,,9.375,33.875,80.625,75.75
Sam Ehlinger,QB,Texas,220.0,4.84,,36.5,114.0,4.44,7.15,9.75,30.375,75.125,73.125
Caden Sterns,S,Texas,202.0,4.4,14.0,42.0,128.0,4.16,6.96,9.5,32.125,77.25,71.875
Chris Brown,S,Texas,191.0,4.53,15.0,36.0,118.0,4.2,6.85,8.75,32.375,75.25,70.0
Tre Brown,CB,Oklahoma,185.0,4.4,13.0,38.0,123.0,4.27,7.08,9.5,30.375,75.5,69.75
Tre Norwood,CB,Oklahoma,192.0,4.58,12.0,33.5,123.0,4.5,7.68,9.375,29.375,72.25,71.625
Creed Humphrey,IOL,Oklahoma,302.0,5.09,29.0,33.0,112.0,4.46,7.54,9.625,32.5,79.5,76.25
Trey Lance,QB,North Dakota State,224.0,,,,,,,9.125,31.5,76.75,75.875
Dillon Radunz,OT,North Dakota State,301.0,5.11,24.0,32.0,112.0,4.53,7.27,9.125,33.25,80.25,77.75
Jamal Jones,RB,Arkansas State,198.0,4.67,23.0,28.0,112.0,4.65,7.39,8.625,29.5,70.875,66.125
Giles Amos,TE,Arkansas State,250.0,5.14,,28.5,111.0,5.13,7.65,10.125,32.875,77.375,75.75
Jonathan Adams Jr.,WR,Arkansas State,210.0,4.59,,39.0,132.0,4.38,7.04,9.875,32.125,79.5,74.0
Brendon White,S,Rutgers,215.0,4.66,19.0,34.5,112.0,4.33,6.82,8.75,31.875,75.125,73.375
Jon Rhattigan,LB,Army,236.0,4.77,22.0,32.0,111.0,4.3,7.41,10.5,31.625,75.75,72.375
Artice Hobbs IV,RB,Army,184.0,4.67,11.0,30.5,112.0,4.52,7.08,8.875,28.125,68.625,67.5
Isaiah McKoy,WR,Kent State,200.0,4.58,12.0,29.5,114.0,4.36,7.09,9.125,31.625,73.5,74.0
Lawrence Woods,CB,Truman State,182.0,4.52,13.0,37.5,124.0,4.28,7.08,9.375,31.25,72.875,69.5
Dayo Odeyingbo,EDGE,Vanderbilt,276.0,,,,,,,10.125,35.25,86.375,77.125
Andre Mintze,EDGE,Vanderbilt,253.0,4.59,18.0,,119.0,,,9.875,32.75,78.5,74.625
David Curry,LB,Georgia Tech,227.0,,,,,,,9.75,30.25,74.125,73.0
Pressley Harvin III,P,Georgia Tech,263.0,,14.0,,,,,9.375,32.125,77.75,71.125
Jalen Camp,WR,Georgia Tech,226.0,4.43,29.0,39.5,125.0,4.16,7.02,9.625,33.75,78.375,73.875
Landon Rice,TE,Jacksonville State,247.0,4.82,22.0,29.5,117.0,4.56,7.33,9.5,31.875,76.875,77.125
Branden Mack,WR,Temple,217.0,4.64,11.0,31.0,115.0,4.37,7.13,9.25,32.125,78.375,77.0
Lorenzo Burns,CB,Arizona,183.0,4.56,14.0,33.5,123.0,4.51,7.55,8.625,30.25,72.75,70.375
Mark Webb,CB,Georgia,210.0,4.59,,36.5,136.0,4.52,7.3,10.125,32.125,79.125,73.375
Azeez Ojulari,EDGE,Georgia,249.0,4.62,26.0,30.0,127.0,4.34,7.27,10.5,34.375,82.5,74.25
Trey Hill,IOL,Georgia,319.0,5.46,17.0,,,4.95,8.29,9.375,33.625,80.375,75.5
David Moore,IOL,Grambling State,336.0,5.14,31.0,27.5,105.0,4.87,8.01,9.125,34.125,81.625,73.625
Nate Hobbs,CB,Illinois,196.0,4.48,17.0,40.5,135.0,4.17,6.85,9.5,31.5,76.5,71.375
Milo Eifler,LB,Illinois,228.0,4.58,14.0,37.5,126.0,4.35,7.15,8.5,32.75,79.25,74.125
Josh Imatorbhebhe,WR,Illinois,218.0,4.53,24.0,46.5,134.0,4.38,7.1,9.25,32.375,79.375,72.875
Christian Uphoff,S,Illinois State,209.0,4.59,17.0,33.0,120.0,4.41,7.06,9.875,30.125,74.75,74.0
Jason Pinnock,CB,Pitt,204.0,4.49,15.0,39.5,128.0,4.1,6.9,9.25,32.375,79.25,72.5
Bryce Hargrove,IOL,Pitt,310.0,5.46,26.0,27.0,97.0,5.03,8.06,9.875,32.5,77.75,75.875
Alex Kessman,K,Pitt,189.0,,,,,,,9.25,31.5,73.875,74.25
Paris Ford,S,Pitt,197.0,4.85,,28.5,110.0,4.45,7.44,9.5,32.375,76.5,72.625
Damar Hamlin,S,Pitt,200.0,4.59,18.0,35.0,118.0,4.4,6.93,8.875,32.25,76.5,72.875
DJ Turner,WR,Pitt,206.0,4.59,23.0,35.5,121.0,4.16,6.92,8.25,28.5,69.25,69.0
Tre Walker,WR,San Jose State,178.0,4.58,,28.0,113.0,4.47,7.75,9.375,30.625,73.625,70.875
Christian Tutt,CB,Auburn,180.0,4.73,,29.5,110.0,4.25,7.22,9.625,30.25,73.25,70.25
Jordyn Peters,S,Auburn,202.0,4.7,7.0,39.5,124.0,4.47,7.14,9.375,32.75,79.625,72.75
Anthony Schwartz,WR,Auburn,186.0,4.27,,32.0,123.0,4.25,7.13,9.375,31.5,75.5,72.0
Eli Stove,WR,Auburn,194.0,4.54,14.0,30.5,119.0,4.4,7.34,9.125,32.125,75.375,71.375
Seth Williams,WR,Auburn,211.0,4.49,12.0,37.0,124.0,4.43,7.2,9.875,33.5,81.125,75.0
KJ Stepherson,WR,Jacksonville State,188.0,4.66,7.0,38.5,127.0,4.22,6.99,8.875,31.75,77.25,72.0
Khalil McClain,WR,Troy,214.0,4.7,15.0,32.0,114.0,4.5,7.72,9.625,31.875,76.125,74.875
Ray Thomas-Ishman,IOL,Buffalo,313.0,5.54,23.0,23.0,97.0,5.14,8.27,9.625,32.125,77.625,75.5
Jaret Patterson,RB,Buffalo,195.0,4.59,19.0,30.0,117.0,4.35,7.03,9.25,28.75,68.75,66.5
Milton Williams,IDL,Louisiana Tech,284.0,4.67,34.0,38.5,121.0,4.33,6.96,9.75,31.5,78.5,75.0
Justin Henderson,RB,Louisiana Tech,220.0,4.65,26.0,32.0,118.0,4.59,7.22,9.25,30.875,72.625,67.75
Israel Tucker,RB,Louisiana Tech,194.0,4.6,20.0,38.5,123.0,4.52,7.25,9.125,30.875,72.5,67.75
Thomas Schaffer,IDL,Stanford,302.0,,23.0,,,,,9.25,32.625,79.25,78.75
Drew Dalman,IOL,Stanford,299.0,5.12,33.0,33.0,109.0,4.52,7.33,10.5,31.5,76.5,75.375
Jet Toner,K,Stanford,204.0,,,,,,,8.375,30.125,73.75,74.5
Foster Sarell,OT,Stanford,318.0,5.54,26.0,27.0,97.0,4.69,7.63,9.75,33.375,80.25,78.5
Walker Little,OT,Stanford,313.0,5.3,24.0,29.5,111.0,4.59,7.44,10.125,33.75,81.75,79.375
Davis Mills,QB,Stanford,217.0,4.82,,32.0,110.0,4.4,6.95,9.5,31.375,77.75,75.75
Scooter Harrington,TE,Stanford,250.0,5.19,,29.0,105.0,4.53,7.2,10.125,34.75,82.5,76.75
Simi Fehoko,WR,Stanford,222.0,4.44,16.0,34.5,120.0,4.26,6.78,10.25,31.625,76.875,75.875
Connor Wedington,WR,Stanford,196.0,4.47,13.0,38.5,117.0,4.07,6.66,9.75,31.875,76.5,72.5
Corey Straughter,CB,UL Monroe,184.0,4.62,11.0,35.0,117.0,4.58,7.37,9.125,30.375,72.375,70.25
Tyler Johnson,IOL,UL Monroe,295.0,5.64,18.0,23.0,102.0,4.92,8.12,9.375,33.125,79.375,75.25
Josh Johnson,RB,UL Monroe,209.0,4.61,22.0,35.5,115.0,4.4,7.16,8.75,29.625,71.875,68.875
Josh Pederson,TE,UL Monroe,234.0,4.81,19.0,28.5,110.0,4.43,7.31,9.625,31.5,75.375,76.375
Kenny Randall,IDL,Charleston,302.0,5.04,29.0,34.0,117.0,4.7,7.59,10.25,32.75,79.5,73.625
Darius Stills,IDL,West Virginia,278.0,4.98,23.0,32.5,110.0,4.49,7.18,8.875,32.25,76.5,72.5
Chase Behrndt,IOL,West Virginia,324.0,5.55,25.0,24.5,101.0,4.93,8.21,10.375,33.5,78.5,75.5
Michael Brown,IOL,West Virginia,340.0,5.61,24.0,23.5,86.0,5.03,8.35,10.375,33.625,79.5,75.25
Kyle Poland,LS,West Virginia,237.0,4.97,12.0,32.5,111.0,4.5,7.47,9.125,28.625,73.75,73.0
John Brunner,WR,Western Illinois,194.0,,11.0,32.5,121.0,4.3,6.77,8.625,32.125,76.375,74.125
Syrus Tuitele,OT,Fresno State,311.0,5.21,36.0,26.0,94.0,4.89,8.25,10.125,32.5,77.5,77.5
Riley Patterson,K,Memphis,181.0,,,,,,,8.375,30.5,72.25,70.25
Brady White,QB,Memphis,210.0,4.84,,29.0,,4.33,6.97,10.125,31.5,74.375,73.0
Kenneth Gainwell,RB,Memphis,201.0,4.47,21.0,35.0,121.0,4.46,7.26,9.875,30.625,70.25,68.375
Jeremiah Littles,IDL,South Alabama,278.0,5.15,17.0,26.0,98.0,4.87,7.9,9.125,32.25,77.125,72.75
Ifeatu Melifonwu,CB,Syracuse,205.0,4.48,16.0,41.5,134.0,4.34,7.01,8.875,32.25,78.5,74.5
Nolan Cooney,P,Syracuse,195.0,,,,,,,9.25,31.75,75.25,74.25
Andre Cisco,S,Syracuse,216.0,,17.0,,,,,10.625,32.5,77.25,72.625
Garret Wallow,LB,TCU,220.0,4.65,22.0,32.5,122.0,4.12,6.87,9.5,30.875,74.375,73.625
Trevon Moehrig,S,TCU,202.0,4.5,14.0,33.0,,4.19,,9.75,30.625,73.375,72.625
Ar'Darius Washington,S,TCU,178.0,4.61,17.0,37.5,127.0,4.1,7.06,9.5,29.25,70.875,67.625
Artayvious Lynn,TE,TCU,271.0,4.78,15.0,32.0,110.0,4.54,7.47,9.25,33.625,80.125,76.75
Adam Jewell,IOL,Air Force,289.0,5.37,,27.5,107.0,,,9.5,32.125,78.5,74.375
Nolan Laufenberg,IOL,Air Force,312.0,5.34,,29.5,105.0,4.77,7.7,9.75,32.5,79.25,76.125
Parker Ferguson,OT,Air Force,306.0,5.19,24.0,31.0,105.0,4.9,7.75,9.25,32.875,79.625,75.75
Donald Hammond III,QB,Air Force,228.0,4.8,11.0,30.0,117.0,4.43,7.33,9.75,32.625,75.5,72.125
Tim Tanner-Blair,IOL,Bowling Green,288.0,5.59,32.0,21.0,93.0,4.95,8.06,9.875,32.875,78.75,75.875
Quintin Morris,TE,Bowling Green,243.0,4.6,22.0,34.0,119.0,4.55,7.12,10.375,33.125,79.25,74.25
Mustafa Johnson,IDL,Colorado,280.0,,27.0,29.0,105.0,4.51,7.18,10.125,32.125,77.75,72.125
Warren Jackson,WR,Colorado State,219.0,4.67,11.0,33.5,123.0,4.53,7.81,9.375,33.5,81.375,78.0
Asante Samuel Jr.,CB,Florida State,180.0,4.45,12.0,35.0,124.0,4.13,6.95,8.875,30.125,72.25,70.125
Joshua Kaindoh,EDGE,Florida State,260.0,4.7,21.0,36.5,125.0,4.38,7.21,9.5,34.5,81.875,77.75
Janarius Robinson,EDGE,Florida State,263.0,4.72,25.0,34.0,121.0,4.4,7.31,10.875,35.25,86.25,77.375
Marvin Wilson,IDL,Florida State,303.0,5.12,23.0,25.5,107.0,4.91,7.64,9.75,33.375,81.125,75.875
Hamsah Nasirildeen,S,Florida State,215.0,,17.0,32.0,,4.31,7.05,9.75,34.5,81.875,75.25
Tamorrion Terry,WR,Florida State,207.0,4.44,15.0,32.5,126.0,4.53,7.0,9.5,33.375,78.125,74.75
Chauncey Golston,EDGE,Iowa,269.0,4.79,22.0,36.0,119.0,4.65,7.52,10.375,34.75,84.25,76.75
Alaric Jackson,OT,Iowa,321.0,5.38,20.0,25.0,103.0,4.97,7.7,9.25,33.875,82.375,77.5
Nick Bolton,LB,Missouri,237.0,4.6,24.0,32.0,115.0,4.5,7.4,10.375,31.875,76.25,71.125
Larry Rountree III,RB,Missouri,211.0,4.7,18.0,30.0,108.0,4.47,6.96,9.125,30.75,73.875,70.625
Tyree Gillespie,S,Missouri,207.0,4.43,15.0,35.5,108.0,4.39,7.06,9.5,31.25,75.25,71.75
Damon Hazelton,WR,Missouri,206.0,4.64,,37.5,120.0,4.32,7.11,9.75,33.375,78.875,74.75
Elerson Smith,EDGE,Northern Iowa,252.0,4.78,26.0,41.5,127.0,4.39,7.11,10.5,33.25,82.875,78.25
Spencer Brown,OT,Northern Iowa,311.0,4.94,29.0,31.5,117.0,4.4,6.96,10.375,34.75,82.625,80.25
Shakif Seymour,RB,Toledo,220.0,4.74,18.0,31.5,116.0,4.46,7.36,9.375,30.5,75.25,71.375
Deonte Brown,IOL,Alabama,344.0,5.57,,27.0,96.0,5.18,8.33,9.125,32.375,80.75,75.25
Landon Dickerson,IOL,Alabama,333.0,,,,,,,10.375,33.25,81.125,77.625
Joshua McMillon,LB,Alabama,236.0,4.95,14.0,35.5,113.0,4.5,,10.5,33.125,79.75,75.375
Dylan Moses,LB,Alabama,235.0,,,,,,,9.25,31.875,78.25,73.75
Thomas Fletcher,LS,Alabama,235.0,4.92,13.0,33.5,109.0,4.58,7.69,9.625,31.5,76.5,72.75
Alex Leatherwood,OT,Alabama,312.0,5.01,,34.5,118.0,4.65,7.45,9.5,33.875,84.625,77.125
Mac Jones,QB,Alabama,217.0,4.83,,32.0,116.0,4.39,7.04,9.75,32.625,79.125,74.625
Carl Tucker,TE,Alabama,245.0,4.95,,31.5,117.0,4.57,7.75,9.25,33.125,78.25,73.5
DeVonta Smith,WR,Alabama,170.0,,,,,,,9.25,31.875,78.25,72.25
Jaylen Waddle,WR,Alabama,180.0,,,,,,,9.125,30.375,74.625,69.5
Donnell Alexander,CB,Saginaw Valley State,171.0,4.76,17.0,37.0,115.0,4.38,7.2,8.875,28.125,69.875,67.875
Kene Nwangwu,RB,Iowa State,210.0,4.29,22.0,38.0,125.0,4.25,6.83,9.25,30.5,74.625,72.125
Lawrence White IV,S,Iowa State,195.0,4.62,14.0,33.5,120.0,4.38,7.12,9.25,31.25,73.875,71.875
Dylan Soehner,TE,Iowa State,268.0,4.86,,31.0,112.0,4.43,7.32,9.625,33.5,81.75,78.625
Matt Farniok,IOL,Nebraska,311.0,5.2,28.0,33.0,105.0,4.47,7.19,9.625,33.25,79.75,77.25
Derrick Barnes,LB,Purdue,238.0,4.57,29.0,37.0,119.0,4.32,,9.75,33.375,81.375,72.375
Brennan Thieneman,LB,Purdue,202.0,4.74,14.0,37.0,117.0,4.24,6.93,8.5,30.75,76.125,72.625
Grant Hermanns,OT,Purdue,300.0,5.29,26.0,27.0,107.0,4.58,7.76,9.875,33.5,79.25,79.5
Rondale Moore,WR,Purdue,180.0,4.29,,42.5,126.0,4.06,6.68,8.75,28.25,69.375,67.0
Demetric Felton,RB,UCLA,189.0,4.55,10.0,31.5,114.0,4.47,7.31,9.375,31.5,76.625,68.625
Antjuan Simmons,LB,Michigan State,218.0,4.83,15.0,32.0,112.0,4.28,7.3,9.75,30.75,74.625,71.625
Kobe Jones,EDGE,Mississippi State,255.0,,15.0,28.0,113.0,4.63,7.51,9.5,34.5,83.625,75.25
Erroll Thompson,LB,Mississippi State,239.0,4.81,,30.5,114.0,4.56,7.66,9.875,32.875,78.75,72.5
Paul Blackwell,LS,Mississippi State,228.0,5.26,13.0,,,,,9.125,29.25,68.625,69.5
Reed Bowman,P,Mississippi State,204.0,,,,,,,8.75,30.25,73.5,71.625
KJ Costello,QB,Mississippi State,225.0,5.11,,27.5,103.0,4.75,,10.125,32.875,76.75,76.5
Kylin Hill,RB,Mississippi State,214.0,4.57,22.0,36.0,122.0,4.35,7.2,9.75,30.5,73.625,70.5
Osirus Mitchell,WR,Mississippi State,206.0,4.61,12.0,35.5,128.0,4.34,7.12,10.875,34.375,82.25,77.0
Ernest Jones,LB,South Carolina,230.0,4.72,19.0,38.5,126.0,4.38,7.49,10.375,33.375,80.125,73.5
Collin Hill,QB,South Carolina,213.0,4.93,,33.5,111.0,4.44,7.21,9.125,31.375,78.375,76.375
Shi Smith,WR,South Carolina,186.0,4.43,,36.0,123.0,4.2,6.83,9.5,31.875,75.625,69.5
Jay Tufele,IDL,USC,305.0,5.02,30.0,30.0,105.0,4.9,7.81,9.375,32.5,79.375,74.125
Amon-Ra St. Brown,WR,USC,197.0,4.61,20.0,38.5,127.0,4.26,6.9,9.125,30.375,74.625,71.5
Terrell Jana,WR,Virginia,195.0,4.69,17.0,32.0,110.0,4.13,7.05,9.125,31.75,74.5,71.125
Raymond Johnson III,EDGE,Georgia Southern,260.0,4.78,19.0,33.0,115.0,4.71,7.21,9.375,33.25,79.125,74.5
Ryan Langan,LS,Georgia Southern,237.0,5.15,,,,,,8.875,29.875,73.625,73.125
Michael Johnson,IOL,Savannah State,323.0,5.65,25.0,22.5,96.0,5.32,8.42,9.375,34.125,82.625,77.625
Jack Propst,LS,Mississippi,215.0,5.09,11.0,28.0,104.0,4.58,,9.75,32.5,73.75,70.0
Kenny Yeboah,TE,Mississippi,250.0,,15.0,34.0,116.0,,,9.5,34.125,80.125,75.875
Elijah Moore,WR,Mississippi,178.0,4.35,17.0,36.0,121.0,4.0,6.67,9.375,30.125,71.75,69.5
Jaelon Darden,WR,North Texas,174.0,4.46,11.0,35.5,122.0,4.1,6.67,8.75,30.625,72.5,67.625
Will Fries,OT,Penn State,309.0,5.38,24.0,31.0,115.0,4.53,7.77,10.25,32.875,79.875,78.375
Pat Freiermuth,TE,Penn State,251.0,,,,,,,,32.5,77.75,77.0
Darren Hall,CB,San Diego State,188.0,4.47,16.0,38.5,132.0,4.22,7.12,8.875,30.625,72.875,71.25
Jacob Capra,IOL,San Diego State,300.0,5.34,19.0,27.0,101.0,4.78,8.01,10.625,33.25,80.25,77.125
Turner Bernard,LS,San Diego State,233.0,5.18,23.0,25.5,94.0,4.79,7.72,9.125,30.375,73.25,72.75
Dwayne Johnson Jr.,S,San Diego State,207.0,4.71,17.0,32.5,120.0,4.63,7.35,9.875,32.25,78.75,73.375
Tariq Thompson,S,San Diego State,204.0,4.75,15.0,31.0,113.0,4.73,7.75,8.625,30.5,73.875,70.75
Shane Buechele,QB,SMU,210.0,4.96,,30.0,114.0,4.6,7.34,9.375,30.25,72.5,72.25
Kylen Granson,TE,SMU,241.0,4.61,16.0,36.5,120.0,4.4,6.93,9.375,32.625,77.625,73.5
Bryce Thompson,CB,Tennessee,182.0,4.56,9.0,34.0,120.0,4.25,7.19,9.25,30.75,74.25,70.625
Trey Smith,IOL,Tennessee,321.0,5.11,32.0,31.0,112.0,4.82,7.43,9.75,33.625,82.125,77.5
Josh Palmer,WR,Tennessee,210.0,4.51,,34.0,124.0,4.25,6.98,9.625,32.875,76.875,73.25
Larnel Coleman,OT,UMass,307.0,5.17,24.0,31.0,113.0,4.69,7.69,10.375,36.25,84.875,78.25
Jaylon Moore,OT,Western Michigan,311.0,5.25,27.0,30.5,106.0,4.63,7.77,10.75,33.375,82.5,76.125
D'Wayne Eskridge,WR,Western Michigan,190.0,4.38,,35.0,124.0,4.27,6.95,8.625,30.5,73.25,68.75
Max Roberts,EDGE,Boston College,256.0,4.89,28.0,36.5,123.0,4.5,7.56,11.125,32.125,78.375,73.0
Isaiah McDuffie,LB,Boston College,227.0,4.61,25.0,32.5,121.0,4.39,7.26,9.625,30.25,73.125,73.25
Chris Wilcox,CB,BYU,198.0,4.39,,37.5,126.0,4.3,7.19,9.875,31.625,76.625,73.625
Bracken El-Bakri,IDL,BYU,280.0,,,,,,,8.25,29.875,74.75,73.75
Isaiah Kaufusi,LB,BYU,221.0,4.8,19.0,30.5,117.0,4.55,7.01,9.125,31.875,77.125,73.875
Zach Wilson,QB,BYU,214.0,,,,,,,9.5,30.625,74.25,74.125
Kavika Fonua,S,BYU,197.0,4.61,18.0,39.5,125.0,4.38,6.96,8.875,29.625,73.375,71.5
Troy Warner,S,BYU,200.0,,,,,,,9.75,30.75,75.5,73.25
Matt Bushman,TE,BYU,245.0,,23.0,32.5,,4.53,7.13,9.375,32.625,77.875,76.625
Dax Milne,WR,BYU,193.0,4.57,14.0,31.0,114.0,4.22,6.85,9.375,29.375,74.25,72.625
Jovan Grant,S,Merrimack,214.0,4.7,20.0,40.0,118.0,4.2,6.81,10.25,31.5,73.375,72.375
Ambry Thomas,CB,Michigan,191.0,4.41,15.0,38.0,122.0,,,8.625,32.25,75.25,71.875
Ben Mason,FB,Michigan,246.0,4.77,29.0,37.5,117.0,4.42,6.89,9.75,32.625,77.875,74.75
Carlo Kemp,IDL,Michigan,281.0,5.07,27.0,28.5,97.0,4.57,7.33,9.625,30.125,70.875,74.5
Cameron McGrone,LB,Michigan,234.0,,20.0,,,,,9.25,32.125,77.5,72.875
Jalen Mayfield,OT,Michigan,326.0,5.39,,28.5,96.0,4.91,7.86,9.75,32.625,79.75,77.25
Nico Collins,WR,Michigan,215.0,4.42,14.0,37.5,125.0,4.29,6.78,9.375,34.125,78.5,76.125
Cameron Kinley,CB,Navy,201.0,4.6,11.0,34.0,121.0,4.18,7.09,9.125,32.625,78.125,73.375
Jackson Perkins,IDL,Navy,232.0,5.04,14.0,29.0,106.0,4.48,7.31,10.125,33.875,81.5,78.0
Peter Nestrowitz,IOL,Navy,281.0,5.31,25.0,29.0,103.0,4.64,8.18,9.5,31.375,78.25,74.5
Myles Fells,RB,Navy,174.0,4.65,16.0,29.5,114.0,4.13,6.97,9.5,30.875,73.625,68.875
Nelson Smith,RB,Navy,200.0,,,39.0,122.0,,,8.875,29.25,71.875,67.875
Ky'el Hemby,S,Southern Miss,200.0,4.61,16.0,28.5,110.0,4.52,7.34,9.5,31.375,76.375,72.0
Tim Jones,WR,Southern Miss,203.0,4.47,17.0,40.0,124.0,4.14,7.02,9.5,31.375,76.125,72.75
Caleb Farley,CB,Virginia Tech,207.0,,,,,,,8.75,33.375,76.25,73.0
Justus Reed,EDGE,Virginia Tech,253.0,4.81,22.0,30.5,117.0,4.62,7.44,9.25,35.25,81.375,75.0
Brian Johnson,K,Virginia Tech,183.0,,,,,,,8.125,29.375,70.25,72.5
Christian Darrisaw,OT,Virginia Tech,322.0,,,,,,,9.25,34.25,82.125,76.75
Oscar Bradburn,P,Virginia Tech,216.0,,,,,,,9.25,30.875,72.875,73.25
Khalil Herbert,RB,Virginia Tech,210.0,4.46,22.0,33.0,115.0,4.31,6.9,8.5,31.25,73.875,68.875
Frank Darby,WR,Arizona State,201.0,4.61,19.0,34.5,117.0,4.25,7.15,9.375,31.75,74.875,72.0
Mark Gilbert,CB,Duke,186.0,4.48,13.0,36.0,130.0,4.38,7.1,8.75,31.25,76.25,72.125
Victor Dimukeje,EDGE,Duke,262.0,4.83,28.0,34.5,115.0,4.38,7.2,9.5,33.125,80.125,73.5
Deon Jackson,RB,Duke,218.0,4.42,18.0,36.0,123.0,4.4,7.14,9.25,30.25,73.25,71.0
Michael Carter II,S,Duke,184.0,4.36,13.0,35.5,,4.44,6.9,9.5,29.125,72.75,69.625
Noah Gray,TE,Duke,240.0,4.62,15.0,35.0,115.0,4.45,6.9,9.375,31.625,78.25,75.0
Shane McGough,IOL,Florida International,295.0,5.25,20.0,28.0,102.0,4.58,7.6,9.375,30.375,72.5,73.75
Christian Elliss,LB,Idaho,228.0,4.58,22.0,35.5,120.0,4.29,6.94,9.5,31.75,75.5,73.75
Jaelan Phillips,EDGE,Miami,260.0,4.59,21.0,36.0,125.0,4.18,7.13,9.75,33.25,80.75,77.5
Brevin Jordan,TE,Miami,247.0,4.71,17.0,34.0,116.0,4.5,7.57,9.75,32.875,79.25,74.625
Manny Rugamba,CB,Miami (OH),198.0,4.74,10.0,34.5,116.0,4.28,6.94,9.5,30.5,71.875,71.25
Tommy Doyle,OT,Miami (OH),320.0,5.12,24.0,33.5,111.0,4.57,7.42,10.375,35.125,83.875,80.0
Chazz Surratt,LB,North Carolina,229.0,4.58,25.0,31.5,,4.16,7.02,9.625,30.125,75.5,74.125
Michael Carter,RB,North Carolina,201.0,4.54,16.0,34.0,119.0,3.98,6.81,8.75,29.125,73.375,67.875
Javonte Williams,RB,North Carolina,212.0,4.55,22.0,36.0,123.0,4.09,6.93,9.375,30.875,74.875,69.625
Oscar Draguicevich III,P,Washington State,188.0,,,,,,,9.25,29.875,72.5,69.375
BJ Emmons,RB,Florida Atlantic,215.0,4.59,21.0,36.0,120.0,4.14,6.89,9.25,32.25,77.25,71.375
Jared Goldwire,IDL,Louisville,293.0,5.1,20.0,33.0,110.0,4.45,7.32,10.375,33.625,83.25,76.875
Rodjay Burns,LB,Louisville,199.0,4.78,15.0,,,4.3,7.32,9.875,31.375,74.25,71.875
Dorian Etheridge,LB,Louisville,233.0,4.88,19.0,35.0,121.0,4.47,7.25,9.125,31.375,76.125,73.75
Marlon Character,S,Louisville,199.0,4.58,21.0,39.5,127.0,4.22,6.87,9.125,31.75,77.25,71.5
Tutu Atwell,WR,Louisville,155.0,4.39,,33.0,117.0,4.09,6.89,8.875,29.25,69.75,68.875
Dez Fitzpatrick,WR,Louisville,208.0,4.49,,35.0,,4.26,7.09,9.625,32.75,80.625,73.75
Joe Sculthorpe,IOL,North Carolina State,295.0,5.26,23.0,28.0,105.0,4.63,7.69,9.125,31.25,76.5,74.25
Kion Smith,OT,Fayetteville State,315.0,5.33,15.0,24.5,96.0,4.7,7.7,9.625,34.5,81.125,77.5
Joshua Fedd-Jackson,IOL,Virginia Union,331.0,5.62,13.0,24.5,99.0,5.18,8.38,9.25,33.125,80.125,75.125
Jonathon Cooper,EDGE,Ohio State,253.0,4.71,28.0,33.0,108.0,4.31,7.02,9.625,32.125,77.25,74.625
Tommy Togiai,IDL,Ohio State,296.0,5.01,40.0,32.0,105.0,4.51,7.21,8.875,31.75,76.25,73.5
Wyatt Davis,IOL,Ohio State,315.0,,25.0,,,,,9.125,33.875,79.125,75.625
Blake Haubeil,K,Ohio State,233.0,,,,,,,8.875,32.375,73.875,75.75
Justin Fields,QB,Ohio State,227.0,4.46,,,,,,9.125,32.5,74.75,74.75
Jake Hausmann,TE,Ohio State,242.0,4.98,16.0,29.5,112.0,4.44,7.65,9.375,32.125,77.625,76.25
Cagan Baldree,FB,Texas A&M,246.0,5.14,17.0,33.5,114.0,4.5,7.47,9.75,31.5,75.75,74.875
Bobby Brown III,IDL,Texas A&M,321.0,5.04,,33.0,113.0,4.58,7.62,10.5,34.75,85.5,76.0
Ryan McCollum,IOL,Texas A&M,307.0,5.3,20.0,29.5,98.0,4.8,7.71,10.25,33.625,80.875,77.25
Anthony Hines III,LB,Texas A&M,225.0,4.65,27.0,33.0,118.0,4.33,7.08,9.375,32.75,79.5,74.25
Buddy Johnson,LB,Texas A&M,229.0,4.58,,38.5,128.0,4.07,7.09,9.875,31.5,77.625,72.5
Carson Green,OT,Texas A&M,320.0,5.33,23.0,29.5,108.0,4.75,7.08,10.375,34.5,82.5,78.125
Dan Moore Jr.,OT,Texas A&M,311.0,5.21,28.0,30.5,110.0,4.73,7.56,10.25,34.5,83.5,77.625
Kellen Mond,QB,Texas A&M,211.0,4.62,,,,,,9.375,33.5,80.125,74.625
AJ Sanders,RB,Texas A&M,202.0,4.95,12.0,32.0,114.0,4.44,7.3,9.125,29.875,73.5,70.375
Jhamon Ausbon,WR,Texas A&M,217.0,4.72,,33.0,118.0,4.28,6.89,9.875,32.375,79.5,74.375
Dylan Taylor,WR,Texas A&M,204.0,5.02,8.0,25.5,104.0,4.96,8.0,8.75,30.875,74.375,73.375
Cameron Sample,EDGE,Tulane,267.0,4.81,23.0,37.0,116.0,4.48,7.39,9.75,33.375,79.375,74.75
Ben Knutson,OT,Tulane,301.0,5.27,12.0,24.0,99.0,4.85,8.01,9.875,32.375,77.375,79.125
Elijah Molden,CB,Washington,192.0,4.62,13.0,36.5,125.0,,,9.5,29.5,72.5,69.5
Keith Taylor,CB,Washington,187.0,4.54,12.0,33.5,127.0,4.26,6.85,9.5,31.125,75.5,74.25
Josiah Bronson,IDL,Washington,304.0,5.08,27.0,30.0,101.0,4.72,7.63,9.25,31.5,76.25,74.875
William Bradley-King,EDGE,Baylor,252.0,4.79,,34.5,119.0,4.29,7.1,10.25,33.5,80.625,75.5
Trystan Slinker,LB,Baylor,234.0,4.84,20.0,30.5,119.0,4.63,7.59,8.75,30.625,74.875,70.625
Evan Tyler,S,Boise State,199.0,4.58,13.0,33.0,117.0,4.32,7.14,8.75,32.875,77.625,73.75
John Bates,TE,Boise State,250.0,4.84,19.0,31.5,120.0,4.35,6.85,9.625,32.5,79.25,77.375
Ethan Tucky,EDGE,Cincinnati,231.0,4.62,21.0,31.5,115.0,4.3,7.08,9.625,31.875,77.625,73.75
Jarell White,LB,Cincinnati,202.0,4.58,22.0,35.0,125.0,4.35,7.21,8.875,29.75,73.125,68.75
Darius Harper,OT,Cincinnati,300.0,5.05,16.0,30.5,105.0,4.54,7.7,9.375,33.625,82.625,78.625
James Smith,P,Cincinnati,231.0,,,,,,,8.875,32.625,79.5,76.75
Marco Wilson,CB,Florida,191.0,4.35,26.0,43.5,136.0,4.09,6.8,9.625,30.75,73.5,71.625
Kyree Campbell,IDL,Florida,287.0,5.41,,25.0,98.0,5.14,7.96,9.75,33.25,82.625,74.875
Tedarrell Slaton,IDL,Florida,330.0,5.09,27.0,29.0,109.0,4.84,7.91,9.125,32.625,80.125,76.0
Brett Heggie,IOL,Florida,310.0,5.5,21.0,26.0,105.0,4.69,7.66,9.75,33.25,80.5,76.0
Shawn Davis,S,Florida,202.0,,17.0,39.5,128.0,,,9.5,31.875,78.25,70.625
Donovan Stiner,S,Florida,205.0,4.58,15.0,34.5,127.0,4.23,7.08,8.875,31.375,76.375,73.5
Kyle Pitts,TE,Florida,245.0,4.44,22.0,33.5,129.0,4.35,7.12,10.625,33.5,83.375,77.625
Kadarius Toney,WR,Florida,193.0,4.38,9.0,39.5,136.0,4.23,6.88,9.25,31.25,74.5,71.625
Kelvin Joseph,CB,Kentucky,197.0,4.35,,35.0,128.0,4.23,7.21,9.25,31.875,77.125,71.5
Jamar Watson,EDGE,Kentucky,241.0,4.78,19.0,30.0,,4.57,7.33,9.5,32.375,76.125,73.875
Phil Hoskins,IDL,Kentucky,313.0,5.25,20.0,30.5,103.0,4.85,7.87,8.625,34.375,83.375,76.5
Drake Jackson,IOL,Kentucky,293.0,,,31.5,,,,8.25,31.125,77.25,73.875
Landon Young,OT,Kentucky,310.0,5.18,34.0,30.5,108.0,4.89,7.7,10.125,33.75,81.75,78.125
Max Duffy,P,Kentucky,196.0,,,,,,,8.875,29.625,71.125,72.75
Asim Rose,RB,Kentucky,215.0,4.53,24.0,34.0,120.0,4.62,7.26,9.375,31.25,76.75,73.0
Kary Vincent Jr.,CB,LSU,185.0,4.39,8.0,35.5,117.0,,,8.875,30.25,74.25,69.75
Tory Carter,FB,LSU,229.0,4.89,24.0,35.5,112.0,4.38,7.21,9.625,30.625,74.125,72.375
Tyler Shelvin,IDL,LSU,350.0,5.41,,28.5,97.0,5.08,8.15,10.25,33.625,80.25,74.125
Zach Von Rosenberg,P,LSU,235.0,,,,,,,9.5,32.25,77.875,76.125
JaCoby Stevens,S,LSU,212.0,4.62,,42.0,130.0,,,9.25,31.75,77.375,73.125
Ja'Marr Chase,WR,LSU,201.0,4.34,,41.0,132.0,3.99,6.96,9.625,30.75,74.875,72.375
Terrace Marshall Jr.,WR,LSU,205.0,4.4,19.0,39.0,125.0,,,9.5,32.75,78.125,74.5
Nick McCloud,CB,Notre Dame,193.0,4.46,12.0,34.0,,4.16,6.93,9.5,31.875,76.125,72.125
Daelin Hayes,EDGE,Notre Dame,253.0,4.75,26.0,32.5,119.0,4.3,7.21,9.375,32.875,78.375,75.5
Aaron Banks,IOL,Notre Dame,325.0,5.34,24.0,31.0,100.0,4.92,7.73,10.125,33.125,80.75,77.375
Robert Hainsey,IOL,Notre Dame,306.0,5.24,32.0,27.5,104.0,4.64,7.53,9.75,32.125,77.875,76.5
Liam Eichenberg,OT,Notre Dame,306.0,,33.0,26.5,105.0,4.57,7.53,9.625,32.375,79.375,78.125
Ian Book,QB,Notre Dame,211.0,4.65,,32.5,115.0,4.2,7.0,9.875,31.25,75.875,72.0
Tommy Tremble,TE,Notre Dame,241.0,4.65,20.0,36.5,122.0,,,9.25,31.875,78.5,75.375
Bennett Skowronek,WR,Notre Dame,220.0,,13.0,,,,,10.125,33.25,78.125,74.875
Carlos Basham Jr.,EDGE,Wake Forest,274.0,4.65,20.0,34.0,122.0,4.32,7.13,9.25,32.875,79.5,75.25
Jack Crane,K,Wake Forest,193.0,,,,,,,9.125,29.75,71.5,73.625
Jamie Newman,QB,Wake Forest,234.0,,,,,,,9.75,30.5,74.125,74.875
Noah Hannon,LS,Appalachian State,238.0,5.14,15.0,29.5,108.0,4.68,7.34,9.25,30.875,74.125,72.125
Zac Thomas,QB,Appalachian State,205.0,4.59,,30.0,115.0,4.35,7.08,8.75,31.5,75.25,72.625
Nafees Lyon,CB,Charlotte,184.0,4.63,12.0,32.5,120.0,4.69,7.15,8.625,30.625,74.875,68.875
Romeo McKnight,EDGE,Charlotte,252.0,4.98,,38.0,118.0,4.2,7.06,10.5,31.5,75.25,76.125
Jaelin Fisher,IOL,Charlotte,291.0,5.12,28.0,32.0,115.0,4.62,7.35,8.75,31.875,77.625,74.0
Aaron McAllister,RB,Charlotte,219.0,4.76,20.0,32.0,117.0,4.74,7.41,8.625,30.5,73.5,70.25
Ben DeLuca,S,Charlotte,202.0,4.7,15.0,36.0,120.0,4.22,7.22,9.375,31.25,74.875,73.125
Benjamin St-Juste,CB,Minnesota,202.0,4.55,11.0,34.5,119.0,4.01,6.63,9.375,32.625,78.625,75.25
Chris Garrett,EDGE,Concordia St. Paul,241.0,4.88,11.0,30.0,108.0,4.31,7.15,9.625,33.125,78.5,75.5
Cameron Murray,IDL,Oklahoma State,294.0,4.95,27.0,31.5,109.0,4.64,7.84,9.125,32.25,77.875,74.375
Ry Schneider,IOL,Oklahoma State,312.0,5.67,26.0,23.5,85.0,5.37,8.51,10.25,32.875,77.125,74.375
Calvin Bundage,LB,Oklahoma State,221.0,4.81,14.0,31.5,116.0,4.43,7.31,9.25,32.25,76.75,73.75
Amen Ogbongbemiga,LB,Oklahoma State,231.0,4.66,24.0,32.0,112.0,4.28,7.32,9.375,32.75,77.5,72.875
Isaiah Dunn,CB,Oregon State,189.0,4.4,13.0,35.5,127.0,4.14,6.93,8.375,31.5,76.375,71.5
Nahshon Wright,CB,Oregon State,183.0,4.48,6.0,31.0,126.0,4.57,7.19,9.125,32.875,77.875,76.25
Jermar Jefferson,RB,Oregon State,206.0,4.57,13.0,31.0,115.0,4.38,7.38,9.625,30.5,74.25,70.125
Jaylen Harris,CB,Prairie View A&M,170.0,4.77,8.0,30.5,109.0,4.5,7.37,8.75,29.75,70.625,68.5
Tay Gowan,CB,UCF,186.0,4.49,13.0,35.5,118.0,4.27,6.86,8.5,31.125,75.25,72.875
Aaron Robinson,CB,UCF,186.0,4.39,15.0,37.0,123.0,4.31,6.9,8.75,30.25,72.5,71.5
Greg McCrae,RB,UCF,182.0,4.54,,37.5,124.0,4.37,6.88,8.875,30.875,73.875,69.875
Richie Grant,S,UCF,197.0,4.57,12.0,34.5,129.0,4.27,6.78,9.375,32.625,77.625,71.625
Jacob Harris,WR,UCF,219.0,4.43,15.0,40.5,133.0,4.31,6.51,9.5,33.75,81.25,77.0
Tre Nixon,WR,UCF,187.0,4.44,18.0,35.5,125.0,4.25,6.81,9.125,31.75,73.875,72.125
Mike Hampton,CB,USF,186.0,,22.0,,,,,8.875,31.5,75.125,71.625
KJ Sails,CB,USF,177.0,4.67,9.0,32.5,114.0,4.44,7.08,8.875,31.875,75.75,70.25
Noah Johnson,QB,USF,198.0,4.7,17.0,33.5,123.0,4.39,7.18,9.125,32.125,75.5,70.375
DeVontres Dukes,WR,USF,216.0,4.81,16.0,33.0,122.0,4.41,7.07,9.625,32.125,78.375,75.0
Dionte Ruffin,CB,Western Kentucky,180.0,4.54,8.0,36.5,127.0,4.27,7.05,8.25,30.75,74.25,70.25
Devon Key,S,Western Kentucky,208.0,4.56,20.0,38.0,123.0,4.15,7.13,9.25,30.75,75.25,71.625
Carson Williams,TE,Western Kentucky,254.0,4.79,18.0,38.0,115.0,,,9.5,33.25,78.625,76.5
Jerome Johnson,IDL,Indiana,296.0,5.13,21.0,27.5,113.0,4.66,7.7,9.75,33.125,81.5,74.25
Jovan Swann,IDL,Indiana,291.0,4.97,34.0,30.5,109.0,4.75,7.74,8.625,30.875,75.75,74.0
Harry Crider,IOL,Indiana,307.0,5.27,31.0,27.0,102.0,4.64,7.63,8.875,32.75,79.625,74.875
Haydon Whitehead,P,Indiana,202.0,,,,,,,9.125,30.75,78.25,74.5
Stevie Scott III,RB,Indiana,225.0,4.67,18.0,31.0,119.0,4.57,7.14,9.75,33.125,79.75,72.375
Jamar Johnson,S,Indiana,205.0,4.6,17.0,35.0,122.0,4.45,7.22,9.25,30.125,75.5,71.875
Whop Philyor,WR,Indiana,184.0,4.59,14.0,31.0,120.0,4.38,7.2,9.25,30.625,74.875,69.625
Deommodore Lenoir,CB,Oregon,199.0,4.48,15.0,34.5,121.0,4.35,7.02,9.75,30.625,75.125,70.25
Jordon Scott,IDL,Oregon,311.0,,23.0,,,,,9.375,31.375,80.375,72.0
Penei Sewell,OT,Oregon,331.0,5.13,30.0,28.0,109.0,4.68,7.76,10.375,33.25,80.875,76.875
Brady Breeze,S,Oregon,197.0,4.55,20.0,38.0,120.0,4.22,7.05,9.5,30.5,75.375,71.75
Jevon Holland,S,Oregon,207.0,4.48,19.0,35.5,126.0,4.14,,9.125,31.125,76.625,72.625
Nick Pickett,S,Oregon,201.0,4.65,18.0,35.5,119.0,4.43,7.4,8.625,32.75,78.375,72.5
Hunter Kampmoyer,TE,Oregon,243.0,4.83,21.0,31.0,113.0,4.54,7.28,9.125,31.25,76.25,76.375
Zaven Collins,LB,Tulsa,259.0,4.67,19.0,35.0,122.0,4.36,,9.375,33.625,80.375,76.875
Corey Taylor II,RB,Tulsa,214.0,4.66,28.0,33.5,118.0,4.52,7.37,8.625,30.5,72.375,70.25
Jeremy Bell,CB,Charleston,190.0,4.38,20.0,38.0,128.0,4.03,7.03,9.875,31.5,74.25,71.125
Robert Jones,IOL,Middle Tennessee,307.0,5.32,,31.0,101.0,4.84,8.16,9.625,33.375,81.75,76.25
Eli Howard,EDGE,Texas Tech,276.0,5.22,28.0,29.5,110.0,4.55,7.33,9.625,32.375,77.875,75.25
Thomas Leggett,S,Texas Tech,196.0,4.58,20.0,36.5,116.0,4.35,7.25,9.375,30.125,73.375,71.625
TJ Vasher,WR,Texas Tech,203.0,,,37.0,,,,10.25,35.625,84.375,77.625
Antonio Phillips,CB,Ball State,193.0,,,,,,,9.375,31.375,74.875,71.375
Caleb Huntley,RB,Ball State,210.0,4.77,15.0,35.5,110.0,,,9.375,32.375,74.875,69.625
Antwan Davis,WR,Ball State,206.0,4.68,15.0,38.0,122.0,4.37,7.01,9.125,31.625,71.25,70.375
Payton Turner,EDGE,Houston,268.0,,23.0,35.5,,4.31,7.01,10.5,35.375,83.625,77.5
Braylon Jones,IOL,Houston,301.0,5.33,18.0,26.5,108.0,4.75,7.69,9.75,33.375,80.25,75.375
Grant Stuard,LB,Houston,225.0,,28.0,,,,,9.375,30.25,74.125,71.625
Kyle Porter,RB,Houston,206.0,4.73,19.0,38.5,119.0,4.26,6.84,9.875,30.875,74.75,69.75
Marquez Stevenson,WR,Houston,180.0,4.48,,33.0,122.0,4.21,6.86,8.625,31.5,73.875,70.125
Austin Trammell,WR,Rice,181.0,4.62,21.0,40.0,124.0,4.11,6.75,9.5,28.125,69.125,70.125
Brontae Harris,CB,UAB,184.0,4.87,3.0,30.5,105.0,4.54,7.71,9.125,30.25,72.375,69.0
Jordan Smith,EDGE,UAB,264.0,4.84,16.0,33.0,117.0,4.8,7.97,9.375,33.625,81.75,77.875
Jacob Fuqua,LS,UAB,236.0,,,28.0,105.0,4.7,,10.125,31.5,75.125,74.375
Spencer Brown,RB,UAB,208.0,4.64,,36.5,121.0,4.39,7.38,8.5,30.625,75.125,70.375
Myron Mitchell,WR,UAB,189.0,,7.0,34.0,124.0,,,9.625,32.125,76.125,71.875
Austin Watkins Jr.,WR,UAB,209.0,4.56,18.0,,,,,9.625,31.75,75.125,73.5
Ja'Marr Chase,WR,LSU,,,23.0,,,,,,,,
Rashod Bateman,WR,Minnesota,,4.39,,,,,,,,,
Tylan Wallace,WR,Oklahoma State,,4.39,,,,,,,,,
Eric Stokes,CB,Georgia,,4.28,,41.5,131.0,,,,,,
Kary Vincent Jr.,CB,LSU,,4.38,,,,,,,,,
Chazz Surratt,LB,North Carolina,,4.64,27.0,,,,,,,,
Ernest Jones,LB,South Carolina,,,,38.5,124.0,,,,,,
Amari Rodgers,WR,Clemson,,,24.0,,,,,,,,
Marquez Stevenson,WR,Houston,,4.47,,41.5,121.0,,,,,,
Brandon Smith,WR,Iowa,,4.56,22.0,44.0,135.0,,,,,,
Jhamon Ausbon,WR,Texas A&M,,,,36.0,,,,,,,
